Workbook

Sheet Sammendrag
A1: Sammendrag – UiA økonomi og internkontroll
M2: Trafikklys
A3: Nøkkeltall oppdateres automatisk fra Kontrollmatrise og Tiltaksoppfølging. | M3: Grønn | N3: Ingen avvik/forfalte, eller >=90 % OK
M4: Gul | N4: 1-2 avvik/forfalte, eller 70-89,9 % OK
A5: Totalt kontrollpunkter | B5: =COUNTA(Kontrollmatrise!A2:A1000) | D5: Kontroller OK | E5: =COUNTIF(Kontrollmatrise!L2:L1000,"OK") | G5: Kontroller med avvik | H5: =COUNTIF(Kontrollmatrise!L2:L1000,"Avvik") | M5: Rød | N5: 3+ avvik/forfalte, eller <70 % OK
A8: Tiltak pågår | B8: =COUNTIF(Kontrollmatrise!L2:L1000,"Tiltak pågår") | D8: Ikke vurdert | E8: =COUNTIF(Kontrollmatrise!L2:L1000,"Ikke vurdert") | G8: Forfalte åpne tiltak | H8: =COUNTIFS('Tiltaksoppfølging'!H2:H1000,"<"&TODAY(),'Tiltaksoppfølging'!H2:H1000,"<>",'Tiltaksoppfølging'!J2:J1000,"<>Fullført",'Tiltaksoppfølging'!J2:J1000,"<>Lukket")
A12: Kontrollstatus | B12: Antall | C12: Andel | E12: Tiltaksstatus | F12: Antall
A13: OK | B13: =COUNTIF(Kontrollmatrise!L2:L1000,A13) | C13: =IFERROR(B13/$B$5,0) | E13: Ikke startet | F13: =COUNTIF('Tiltaksoppfølging'!J2:J1000,E13)
A14: Avvik | B14: =COUNTIF(Kontrollmatrise!L2:L1000,A14) | C14: =IFERROR(B14/$B$5,0) | E14: Pågår | F14: =COUNTIF('Tiltaksoppfølging'!J2:J1000,E14)
A15: Tiltak pågår | B15: =COUNTIF(Kontrollmatrise!L2:L1000,A15) | C15: =IFERROR(B15/$B$5,0) | E15: Venter | F15: =COUNTIF('Tiltaksoppfølging'!J2:J1000,E15)
A16: Ikke vurdert | B16: =COUNTIF(Kontrollmatrise!L2:L1000,A16) | C16: =IFERROR(B16/$B$5,0) | E16: Fullført | F16: =COUNTIF('Tiltaksoppfølging'!J2:J1000,E16)
A17: Ikke relevant | B17: =COUNTIF(Kontrollmatrise!L2:L1000,A17) | C17: =IFERROR(B17/$B$5,0) | E17: Lukket | F17: =COUNTIF('Tiltaksoppfølging'!J2:J1000,E17)
A21: Kontroller per prosess | B21: Antall | C21: Avvik | D21: Tiltak pågår
A22: Overordnet styring | B22: =COUNTIF(Kontrollmatrise!B2:B1000,A22) | C22: =COUNTIFS(Kontrollmatrise!B2:B1000,A22,Kontrollmatrise!L2:L1000,"Avvik") | D22: =COUNTIFS(Kontrollmatrise!B2:B1000,A22,Kontrollmatrise!L2:L1000,"Tiltak pågår")
A23: Organisering | B23: =COUNTIF(Kontrollmatrise!B2:B1000,A23) | C23: =COUNTIFS(Kontrollmatrise!B2:B1000,A23,Kontrollmatrise!L2:L1000,"Avvik") | D23: =COUNTIFS(Kontrollmatrise!B2:B1000,A23,Kontrollmatrise!L2:L1000,"Tiltak pågår")
A24: Budsjettdisponering | B24: =COUNTIF(Kontrollmatrise!B2:B1000,A24) | C24: =COUNTIFS(Kontrollmatrise!B2:B1000,A24,Kontrollmatrise!L2:L1000,"Avvik") | D24: =COUNTIFS(Kontrollmatrise!B2:B1000,A24,Kontrollmatrise!L2:L1000,"Tiltak pågår")
A25: Budsjett og plan | B25: =COUNTIF(Kontrollmatrise!B2:B1000,A25) | C25: =COUNTIFS(Kontrollmatrise!B2:B1000,A25,Kontrollmatrise!L2:L1000,"Avvik") | D25: =COUNTIFS(Kontrollmatrise!B2:B1000,A25,Kontrollmatrise!L2:L1000,"Tiltak pågår")
A26: Lønn og personal | B26: =COUNTIF(Kontrollmatrise!B2:B1000,A26) | C26: =COUNTIFS(Kontrollmatrise!B2:B1000,A26,Kontrollmatrise!L2:L1000,"Avvik") | D26: =COUNTIFS(Kontrollmatrise!B2:B1000,A26,Kontrollmatrise!L2:L1000,"Tiltak pågår")
A27: Innkjøp og bestilling | B27: =COUNTIF(Kontrollmatrise!B2:B1000,A27) | C27: =COUNTIFS(Kontrollmatrise!B2:B1000,A27,Kontrollmatrise!L2:L1000,"Avvik") | D27: =COUNTIFS(Kontrollmatrise!B2:B1000,A27,Kontrollmatrise!L2:L1000,"Tiltak pågår")
A28: Fakturabehandling | B28: =COUNTIF(Kontrollmatrise!B2:B1000,A28) | C28: =COUNTIFS(Kontrollmatrise!B2:B1000,A28,Kontrollmatrise!L2:L1000,"Avvik") | D28: =COUNTIFS(Kontrollmatrise!B2:B1000,A28,Kontrollmatrise!L2:L1000,"Tiltak pågår")
A29: Inntekter | B29: =COUNTIF(Kontrollmatrise!B2:B1000,A29) | C29: =COUNTIFS(Kontrollmatrise!B2:B1000,A29,Kontrollmatrise!L2:L1000,"Avvik") | D29: =COUNTIFS(Kontrollmatrise!B2:B1000,A29,Kontrollmatrise!L2:L1000,"Tiltak pågår")
A30: Regnskap | B30: =COUNTIF(Kontrollmatrise!B2:B1000,A30) | C30: =COUNTIFS(Kontrollmatrise!B2:B1000,A30,Kontrollmatrise!L2:L1000,"Avvik") | D30: =COUNTIFS(Kontrollmatrise!B2:B1000,A30,Kontrollmatrise!L2:L1000,"Tiltak pågår")
A31: Betaling | B31: =COUNTIF(Kontrollmatrise!B2:B1000,A31) | C31: =COUNTIFS(Kontrollmatrise!B2:B1000,A31,Kontrollmatrise!L2:L1000,"Avvik") | D31: =COUNTIFS(Kontrollmatrise!B2:B1000,A31,Kontrollmatrise!L2:L1000,"Tiltak pågår")
A32: Regnskapsdokumentasjon | B32: =COUNTIF(Kontrollmatrise!B2:B1000,A32) | C32: =COUNTIFS(Kontrollmatrise!B2:B1000,A32,Kontrollmatrise!L2:L1000,"Avvik") | D32: =COUNTIFS(Kontrollmatrise!B2:B1000,A32,Kontrollmatrise!L2:L1000,"Tiltak pågår")
A33: Ekstern rapportering | B33: =COUNTIF(Kontrollmatrise!B2:B1000,A33) | C33: =COUNTIFS(Kontrollmatrise!B2:B1000,A33,Kontrollmatrise!L2:L1000,"Avvik") | D33: =COUNTIFS(Kontrollmatrise!B2:B1000,A33,Kontrollmatrise!L2:L1000,"Tiltak pågår")
A34: Internregnskap | B34: =COUNTIF(Kontrollmatrise!B2:B1000,A34) | C34: =COUNTIFS(Kontrollmatrise!B2:B1000,A34,Kontrollmatrise!L2:L1000,"Avvik") | D34: =COUNTIFS(Kontrollmatrise!B2:B1000,A34,Kontrollmatrise!L2:L1000,"Tiltak pågår")
A35: Systemstøtte | B35: =COUNTIF(Kontrollmatrise!B2:B1000,A35) | C35: =COUNTIFS(Kontrollmatrise!B2:B1000,A35,Kontrollmatrise!L2:L1000,"Avvik") | D35: =COUNTIFS(Kontrollmatrise!B2:B1000,A35,Kontrollmatrise!L2:L1000,"Tiltak pågår")

Sheet Kontrollmatrise
A1: KRAV_ID | B1: Prosess | C1: Risikoområde | D1: Regelverk / styringsgrunnlag | E1: Henvisning | F1: Kontrollpunkt | G1: Kontrollaktivitet / test | H1: Ansvarlig rolle | I1: Dokumentasjon / evidens | J1: Frekvens | K1: System / kilde | L1: Status | M1: Merknad | N1: Kilde-URL | O1: Frist | P1: Tiltakseier
A2: STY-01 | B2: Overordnet styring | C2: Manglende etterlevelse | D2: Reglement for økonomistyring i staten / UiAs interne hovedregler | E2: Kap. 1 | F2: Økonomiforvaltningen følger gjeldende regelverk | G2: Verifiser at lokale rutiner og styringsdokumenter er oppdatert mot gjeldende krav | H2: Ledelsen / prosesseier | I2: Gjeldende rutiner, vedtak og styringsdokumenter | J2: Årlig | K2: Styringsdokumenter | L2: Ikke vurdert | N2: https://www.uia.no/intranett/arbeidsstotte/okonomi-og-budsjett/interne-hovedregler-for-virksomhets--og-okonomiforvaltning.pdf
A3: ORG-01 | B3: Organisering | C3: Uklart ansvar | D3: UiAs interne hovedregler | E3: Kap. 2 | F3: Myndighet, oppgaver og ansvar er definert | G3: Kontroller at ansvar er dokumentert for relevante økonomiprosesser | H3: Ledelsen / prosesseier | I3: Rollebeskrivelser og delegasjoner | J3: Årlig | K3: Rolledatabase | L3: Ikke vurdert | N3: https://www.uia.no/intranett/arbeidsstotte/okonomi-og-budsjett/interne-hovedregler-for-virksomhets--og-okonomiforvaltning.pdf
A4: BDM-01 | B4: Budsjettdisponering | C4: Disposisjon uten gyldig fullmakt | D4: UiAs interne hovedregler / fullmakter og roller | E4: Kap. 3.1 | F4: Disposisjoner godkjennes av person med gyldig BDM | G4: Stikkprøv godkjenninger mot registrert BDM og eventuelle begrensninger | H4: BDM | I4: Skriftlig delegasjon og transaksjonsspor | J4: Per stikkprøve | K4: Rolledatabase / økonomisystem | L4: Ikke vurdert | N4: https://www.uia.no/intranett/arbeidsstotte/okonomi-og-budsjett/fullmakter-og-roller.html
A5: BDM-02 | B5: Budsjettdisponering | C5: Ugyldig videredelegering | D5: Fullmakter og roller | E5: BDM | F5: Delegert BDM videredelegeres ikke uten nødvendig delegering fra universitetsdirektøren | G5: Sammenhold fullmaktskjeden med rolledatabase og skriftlig melding | H5: Ledelsen / økonomi | I5: Delegasjonsbrev / rolledatabase | J5: Ved endring | K5: Rolledatabase | L5: Ikke vurdert | N5: https://www.uia.no/intranett/arbeidsstotte/okonomi-og-budsjett/fullmakter-og-roller.html
A6: BUD-01 | B6: Budsjett og plan | C6: Manglende sammenheng mellom plan og budsjett | D6: UiAs interne hovedregler | E6: Kap. 3.2 | F6: Budsjett- og planarbeidet er organisert og dokumentert | G6: Kontroller at vedtatte rammer og planforutsetninger er dokumentert i budsjettgrunnlaget | H6: Budsjettansvarlig | I6: Budsjettgrunnlag og planer | J6: Årlig | K6: Budsjettverktøy | L6: Ikke vurdert | N6: https://www.uia.no/intranett/arbeidsstotte/okonomi-og-budsjett/interne-hovedregler-for-virksomhets--og-okonomiforvaltning.pdf
A7: LON-01 | B7: Lønn og personal | C7: Feil eller udokumenterte personalkostnader | D7: UiAs interne hovedregler | E7: Kap. 4.1 | F7: Lønns- og personalutgifter håndteres etter fastsatte regler | G7: Stikkprøv grunnlag, fullmakt, kontering og dokumentasjon | H7: Lønn / attestant | I7: Lønnsgrunnlag og bilag | J7: Månedlig / stikkprøve | K7: Lønns-/økonomisystem | L7: Ikke vurdert | N7: https://www.uia.no/intranett/arbeidsstotte/okonomi-og-budsjett/interne-hovedregler-for-virksomhets--og-okonomiforvaltning.pdf
A8: INN-01 | B8: Innkjøp og bestilling | C8: Kjøp uten godkjenning | D8: Fullmakter og roller / interne hovedregler | E8: Kap. 4.2 | F8: Bestilling skjer etter godkjenning fra person med BDM | G8: Stikkprøv bestillinger mot godkjenning og bestillingsfullmakt | H8: Bestiller / BDM | I8: Bestilling, godkjenning, fullmakt | J8: Per stikkprøve | K8: Unit4 | L8: Ikke vurdert | N8: https://www.uia.no/intranett/arbeidsstotte/okonomi-og-budsjett/fullmakter-og-roller.html
A9: INN-02 | B9: Innkjøp og bestilling | C9: Brudd på anskaffelsesregler | D9: Fullmakter og roller | E9: Bestillingsfullmakt | F9: Bestiller kjenner og følger reglene for statlige anskaffelser | G9: Kontroller dokumentert anskaffelsesgrunnlag i utvalgte kjøp | H9: Bestiller / innkjøp | I9: Anskaffelsesdokumentasjon | J9: Per stikkprøve | K9: Innkjøps-/økonomisystem | L9: Ikke vurdert | N9: https://www.uia.no/intranett/arbeidsstotte/okonomi-og-budsjett/fullmakter-og-roller.html
A10: ATT-01 | B10: Fakturabehandling | C10: Betaling av feil/ugyldig faktura | D10: Fullmakter og roller | E10: Attestasjonsmyndighet | F10: Alle utgifter er kontrollert og attestert før utbetaling | G10: Stikkprøv at attestasjon er utført før betaling | H10: Attestant | I10: Faktura, attestasjon, betalingsspor | J10: Per stikkprøve | K10: Unit4 | L10: Ikke vurdert | N10: https://www.uia.no/intranett/arbeidsstotte/okonomi-og-budsjett/fullmakter-og-roller.html
A11: ATT-02 | B11: Fakturabehandling | C11: Vare/tjeneste ikke mottatt | D11: Fullmakter og roller | E11: Attestasjonsmyndighet | F11: Mottak samsvarer med bestilling eller avtale | G11: Sammenhold faktura med bestilling, avtale og mottaksbekreftelse | H11: Attestant | I11: Bestilling, avtale, mottak, faktura | J11: Per stikkprøve | K11: Unit4 | L11: Ikke vurdert | N11: https://www.uia.no/intranett/arbeidsstotte/okonomi-og-budsjett/fullmakter-og-roller.html
A12: ATT-03 | B12: Fakturabehandling | C12: Feil pris/betingelser | D12: Fullmakter og roller | E12: Attestasjonsmyndighet | F12: Priser, utregninger og betingelser er korrekte | G12: Etterregn og sammenhold med avtale/rammeavtale | H12: Attestant | I12: Avtale og faktura | J12: Per stikkprøve | K12: Unit4 | L12: Ikke vurdert | N12: https://www.uia.no/intranett/arbeidsstotte/okonomi-og-budsjett/fullmakter-og-roller.html
A13: ATT-04 | B13: Fakturabehandling | C13: Mangelfullt bilag | D13: Fullmakter og roller | E13: Attestasjonsmyndighet | F13: Bilagsdokumentasjon er i samsvar med gjeldende regler | G13: Kontroller at bilag har nødvendig dokumentasjon og sporbarhet | H13: Attestant | I13: Bilag / vedlegg | J13: Per stikkprøve | K13: Unit4 | L13: Ikke vurdert | N13: https://www.uia.no/intranett/arbeidsstotte/okonomi-og-budsjett/fullmakter-og-roller.html
... A21: SYS-01 | B21: Systemstøtte | C21: Mangelfull transaksjonssporing | D21: UiAs økonomi- og budsjettsider | E21: Unit4 | F21: Relevante økonomiprosesser har sporbar behandling i systemet | G21: Stikkprøv spor for bestilling, faktura, regnskapsføring, betaling/fakturering og rapportering | H21: System-/prosesseier | I21: Systemlogg / transaksjonsspor | J21: Kvartalsvis | K21: Unit4 | L21: Ikke vurdert | N21: https://www.uia.no/intranett/arbeidsstotte/okonomi-og-budsjett/

Sheet Tiltaksoppfølging
A1: Tiltak_ID | B1: KRAV_ID | C1: Kontrollstatus | D1: Prosess | E1: Kontrollpunkt / avvik | F1: Tiltak | G1: Tiltakseier | H1: Frist | I1: Prioritet | J1: Tiltaksstatus | K1: Sist oppdatert | L1: Oppfølging / kommentar | M1: Dokumentasjon / lenke
A2: T-001 | C2: =IF($B2="","",IFERROR(INDEX(Kontrollmatrise!$L:$L,MATCH($B2,Kontrollmatrise!$A:$A,0)),"")) | D2: =IFERROR(INDEX(Kontrollmatrise!$B:$B,MATCH($B2,Kontrollmatrise!$A:$A,0)),"") | E2: =IFERROR(INDEX(Kontrollmatrise!$F:$F,MATCH($B2,Kontrollmatrise!$A:$A,0)),"") | G2: =IF($B2="","",IFERROR(INDEX(Kontrollmatrise!$P:$P,MATCH($B2,Kontrollmatrise!$A:$A,0)),"")) | H2: =IF($B2="","",IFERROR(INDEX(Kontrollmatrise!$O:$O,MATCH($B2,Kontrollmatrise!$A:$A,0)),""))
A3: T-002 | C3: =IF($B3="","",IFERROR(INDEX(Kontrollmatrise!$L:$L,MATCH($B3,Kontrollmatrise!$A:$A,0)),"")) | D3: =IFERROR(INDEX(Kontrollmatrise!$B:$B,MATCH($B3,Kontrollmatrise!$A:$A,0)),"") | E3: =IFERROR(INDEX(Kontrollmatrise!$F:$F,MATCH($B3,Kontrollmatrise!$A:$A,0)),"") | G3: =IF($B3="","",IFERROR(INDEX(Kontrollmatrise!$P:$P,MATCH($B3,Kontrollmatrise!$A:$A,0)),"")) | H3: =IF($B3="","",IFERROR(INDEX(Kontrollmatrise!$O:$O,MATCH($B3,Kontrollmatrise!$A:$A,0)),""))
A4: T-003 | C4: =IF($B4="","",IFERROR(INDEX(Kontrollmatrise!$L:$L,MATCH($B4,Kontrollmatrise!$A:$A,0)),"")) | D4: =IFERROR(INDEX(Kontrollmatrise!$B:$B,MATCH($B4,Kontrollmatrise!$A:$A,0)),"") | E4: =IFERROR(INDEX(Kontrollmatrise!$F:$F,MATCH($B4,Kontrollmatrise!$A:$A,0)),"") | G4: =IF($B4="","",IFERROR(INDEX(Kontrollmatrise!$P:$P,MATCH($B4,Kontrollmatrise!$A:$A,0)),"")) | H4: =IF($B4="","",IFERROR(INDEX(Kontrollmatrise!$O:$O,MATCH($B4,Kontrollmatrise!$A:$A,0)),""))
A5: T-004 | C5: =IF($B5="","",IFERROR(INDEX(Kontrollmatrise!$L:$L,MATCH($B5,Kontrollmatrise!$A:$A,0)),"")) | D5: =IFERROR(INDEX(Kontrollmatrise!$B:$B,MATCH($B5,Kontrollmatrise!$A:$A,0)),"") | E5: =IFERROR(INDEX(Kontrollmatrise!$F:$F,MATCH($B5,Kontrollmatrise!$A:$A,0)),"") | G5: =IF($B5="","",IFERROR(INDEX(Kontrollmatrise!$P:$P,MATCH($B5,Kontrollmatrise!$A:$A,0)),"")) | H5: =IF($B5="","",IFERROR(INDEX(Kontrollmatrise!$O:$O,MATCH($B5,Kontrollmatrise!$A:$A,0)),""))
A6: T-005 | C6: =IF($B6="","",IFERROR(INDEX(Kontrollmatrise!$L:$L,MATCH($B6,Kontrollmatrise!$A:$A,0)),"")) | D6: =IFERROR(INDEX(Kontrollmatrise!$B:$B,MATCH($B6,Kontrollmatrise!$A:$A,0)),"") | E6: =IFERROR(INDEX(Kontrollmatrise!$F:$F,MATCH($B6,Kontrollmatrise!$A:$A,0)),"") | G6: =IF($B6="","",IFERROR(INDEX(Kontrollmatrise!$P:$P,MATCH($B6,Kontrollmatrise!$A:$A,0)),"")) | H6: =IF($B6="","",IFERROR(INDEX(Kontrollmatrise!$O:$O,MATCH($B6,Kontrollmatrise!$A:$A,0)),""))
A7: T-006 | C7: =IF($B7="","",IFERROR(INDEX(Kontrollmatrise!$L:$L,MATCH($B7,Kontrollmatrise!$A:$A,0)),"")) | D7: =IFERROR(INDEX(Kontrollmatrise!$B:$B,MATCH($B7,Kontrollmatrise!$A:$A,0)),"") | E7: =IFERROR(INDEX(Kontrollmatrise!$F:$F,MATCH($B7,Kontrollmatrise!$A:$A,0)),"") | G7: =IF($B7="","",IFERROR(INDEX(Kontrollmatrise!$P:$P,MATCH($B7,Kontrollmatrise!$A:$A,0)),"")) | H7: =IF($B7="","",IFERROR(INDEX(Kontrollmatrise!$O:$O,MATCH($B7,Kontrollmatrise!$A:$A,0)),""))
A8: T-007 | C8: =IF($B8="","",IFERROR(INDEX(Kontrollmatrise!$L:$L,MATCH($B8,Kontrollmatrise!$A:$A,0)),"")) | D8: =IFERROR(INDEX(Kontrollmatrise!$B:$B,MATCH($B8,Kontrollmatrise!$A:$A,0)),"") | E8: =IFERROR(INDEX(Kontrollmatrise!$F:$F,MATCH($B8,Kontrollmatrise!$A:$A,0)),"") | G8: =IF($B8="","",IFERROR(INDEX(Kontrollmatrise!$P:$P,MATCH($B8,Kontrollmatrise!$A:$A,0)),"")) | H8: =IF($B8="","",IFERROR(INDEX(Kontrollmatrise!$O:$O,MATCH($B8,Kontrollmatrise!$A:$A,0)),""))
A9: T-008 | C9: =IF($B9="","",IFERROR(INDEX(Kontrollmatrise!$L:$L,MATCH($B9,Kontrollmatrise!$A:$A,0)),"")) | D9: =IFERROR(INDEX(Kontrollmatrise!$B:$B,MATCH($B9,Kontrollmatrise!$A:$A,0)),"") | E9: =IFERROR(INDEX(Kontrollmatrise!$F:$F,MATCH($B9,Kontrollmatrise!$A:$A,0)),"") | G9: =IF($B9="","",IFERROR(INDEX(Kontrollmatrise!$P:$P,MATCH($B9,Kontrollmatrise!$A:$A,0)),"")) | H9: =IF($B9="","",IFERROR(INDEX(Kontrollmatrise!$O:$O,MATCH($B9,Kontrollmatrise!$A:$A,0)),""))
A10: T-009 | C10: =IF($B10="","",IFERROR(INDEX(Kontrollmatrise!$L:$L,MATCH($B10,Kontrollmatrise!$A:$A,0)),"")) | D10: =IFERROR(INDEX(Kontrollmatrise!$B:$B,MATCH($B10,Kontrollmatrise!$A:$A,0)),"") | E10: =IFERROR(INDEX(Kontrollmatrise!$F:$F,MATCH($B10,Kontrollmatrise!$A:$A,0)),"") | G10: =IF($B10="","",IFERROR(INDEX(Kontrollmatrise!$P:$P,MATCH($B10,Kontrollmatrise!$A:$A,0)),"")) | H10: =IF($B10="","",IFERROR(INDEX(Kontrollmatrise!$O:$O,MATCH($B10,Kontrollmatrise!$A:$A,0)),""))
A11: T-010 | C11: =IF($B11="","",IFERROR(INDEX(Kontrollmatrise!$L:$L,MATCH($B11,Kontrollmatrise!$A:$A,0)),"")) | D11: =IFERROR(INDEX(Kontrollmatrise!$B:$B,MATCH($B11,Kontrollmatrise!$A:$A,0)),"") | E11: =IFERROR(INDEX(Kontrollmatrise!$F:$F,MATCH($B11,Kontrollmatrise!$A:$A,0)),"") | G11: =IF($B11="","",IFERROR(INDEX(Kontrollmatrise!$P:$P,MATCH($B11,Kontrollmatrise!$A:$A,0)),"")) | H11: =IF($B11="","",IFERROR(INDEX(Kontrollmatrise!$O:$O,MATCH($B11,Kontrollmatrise!$A:$A,0)),""))
A12: T-011 | C12: =IF($B12="","",IFERROR(INDEX(Kontrollmatrise!$L:$L,MATCH($B12,Kontrollmatrise!$A:$A,0)),"")) | D12: =IFERROR(INDEX(Kontrollmatrise!$B:$B,MATCH($B12,Kontrollmatrise!$A:$A,0)),"") | E12: =IFERROR(INDEX(Kontrollmatrise!$F:$F,MATCH($B12,Kontrollmatrise!$A:$A,0)),"") | G12: =IF($B12="","",IFERROR(INDEX(Kontrollmatrise!$P:$P,MATCH($B12,Kontrollmatrise!$A:$A,0)),"")) | H12: =IF($B12="","",IFERROR(INDEX(Kontrollmatrise!$O:$O,MATCH($B12,Kontrollmatrise!$A:$A,0)),""))
A13: T-012 | C13: =IF($B13="","",IFERROR(INDEX(Kontrollmatrise!$L:$L,MATCH($B13,Kontrollmatrise!$A:$A,0)),"")) | D13: =IFERROR(INDEX(Kontrollmatrise!$B:$B,MATCH($B13,Kontrollmatrise!$A:$A,0)),"") | E13: =IFERROR(INDEX(Kontrollmatrise!$F:$F,MATCH($B13,Kontrollmatrise!$A:$A,0)),"") | G13: =IF($B13="","",IFERROR(INDEX(Kontrollmatrise!$P:$P,MATCH($B13,Kontrollmatrise!$A:$A,0)),"")) | H13: =IF($B13="","",IFERROR(INDEX(Kontrollmatrise!$O:$O,MATCH($B13,Kontrollmatrise!$A:$A,0)),""))
... A21: T-020 | C21: =IF($B21="","",IFERROR(INDEX(Kontrollmatrise!$L:$L,MATCH($B21,Kontrollmatrise!$A:$A,0)),"")) | D21: =IFERROR(INDEX(Kontrollmatrise!$B:$B,MATCH($B21,Kontrollmatrise!$A:$A,0)),"") | E21: =IFERROR(INDEX(Kontrollmatrise!$F:$F,MATCH($B21,Kontrollmatrise!$A:$A,0)),"") | G21: =IF($B21="","",IFERROR(INDEX(Kontrollmatrise!$P:$P,MATCH($B21,Kontrollmatrise!$A:$A,0)),"")) | H21: =IF($B21="","",IFERROR(INDEX(Kontrollmatrise!$O:$O,MATCH($B21,Kontrollmatrise!$A:$A,0)),""))

Sheet Les meg
A1: UiA økonomi – kontrollmatrise | B1: Arbeidsverktøy for internkontroll og videre detaljering.
A2: Bruk | B2: Filtrer på prosess, status eller ansvarlig rolle. Oppdater Status og Merknad ved kontrollgjennomføring.
A3: Avgrensning | B3: Kontrollpunktene er operasjonaliseringer for internkontroll. De er ikke juridiske konklusjoner og matrisen må suppleres med konkrete eksterne regler og lokale rutiner der relevant.
A4: Kildegrunnlag | B4: UiAs interne hovedregler 2026, UiAs side om fullmakter og roller og UiAs økonomi- og budsjettsider.
A5: Statusverdier | B5: Ikke vurdert | OK | Avvik | Ikke relevant | Tiltak pågår
A7: Statuskobling | B7: Kontrollstatus i Tiltaksoppfølging hentes automatisk fra Status i Kontrollmatrise basert på KRAV_ID. Endre Status i Kontrollmatrise for å oppdatere oppfølgingsfanen.
A8: Frist: dato for når et tiltak skal være gjennomført. Tiltakseier: rollen/personen som eier oppfølgingen av tiltaket.
A10: Tiltaksoppfølging | B10: Egen fane for oppfølging av avvik og tiltak. Angi KRAV_ID for å hente prosess, kontrollpunkt, tiltakseier og frist fra kontrollmatrisen. Tiltak, prioritet, status og oppfølgingskommentar fylles ut i fanen.
