Workbook

Sheet 00_Navigasjon_Arkitektur
A1: UiA Handelshøyskolen — Enterprise Financial Controlling & EVM Data Model
A2: Regnskapsår: 2026 | Modellversjon: v12 Canonical | Ansvarlig: Frank Ellingsen (Lead Project Controller)
A4: System- & Integrasjonsparametere
A5: Parameter / Konfigurasjon | B5: Verdi / Status | C5: Teknisk Kilde | D5: Beskrivelse
A6: Datamodell Arkitektur | B6: Stjerneskjema (Star Schema 1:N / M:N) | C6: Parquet / DuckDB / SQLite | D6: Relasjonell modell for dimensjoner og faktatabeller
A7: Transaksjonsdatabase | B7: SQLite (projects.db) | C7: ubw_transactions & evm_projects | D7: Operasjonell registrering av prosjektdata og hovedboksposter
A8: Analytisk Tidsrekke-motor | B8: DuckDB (analytics_snapshots.duckdb) | C8: evm_snapshots | D8: Tidsstempling og historiske snapshots for prosjektporteføljen
A9: Regelverksstandarder | B9: Statens Kontoplan (R-102) & KD F-05-20 | C9: SRS / DFØ Veiledere | D9: 5,0 % overføringstak og 4-øyne attestasjonskrav
A10: Basis Rammebevilgning (Kap. 260) | B10: 1200000000 | C10: Statsbudsjettet Prop. 1 S | D10: Årlig tildelt grunnbevilgning for universitetet
A11: Statlig Lønns- og Prisvekst (Deflator) | B11: 0.039 | C11: Finansdepartementet RNB | D11: Budsjettmessig justeringsfaktor for 2026
A12: Power BI Integrasjon | B12: Controller project.pbip (TMDL 1606) | C12: Power BI Desktop DevMode | D12: Direkte synkronisering med Parquet staging filer
A15: Arbeidsbokens Innholdsfortegnelse & Hurtignavigasjon
A16: Fane Navn | B16: Område | C16: Innhold & Funksjonalitet | D16: Hyperlenke
A17: 01_Executive_Cockpit | B17: Ledelse | C17: Hoveddashboard med KPI-kort, dynamisk EAC-velger og tiltaksplan | D17: =HYPERLINK("#'01_Executive_Cockpit'!A1", "Gå til fane ->")
A18: 02_EVM_Prosjektkontroll | B18: Prosjektstyring | C18: Prosjekt-for-prosjekt EVM analyse med CPI, SPI, EAC-modeller og TCPI | D18: =HYPERLINK("#'02_EVM_Prosjektkontroll'!A1", "Gå til fane ->")
A19: 03_S_Kurve_Tidsserie | B19: Tidsserier | C19: Månedlig kumulativ PV/EV/AC historikk og visuell S-kurve for 2026 | D19: =HYPERLINK("#'03_S_Kurve_Tidsserie'!A1", "Gå til fane ->")
A20: 04_F05_20_Avsetningskalkyle | B20: Statlig Regelverk | C20: 5 % driftsavsetningstak, 12M NOK overskridelse og interaktiv tiltakssimulator | D20: =HYPERLINK("#'04_F05_20_Avsetningskalkyle'!A1", "Gå til fane ->")
A21: 05_Compliance_Internkontroll | B21: Revisjon | C21: DFØ reiseregningskontroll og UBW hovedboksrevisjon med sperreflagg | D21: =HYPERLINK("#'05_Compliance_Internkontroll'!A1", "Gå til fane ->")
A22: Dim_Project | B22: Datamodell | C22: Prosjekt-stamdata og autoriserte budsjettrammer (tbl_Dim_Project) | D22: =HYPERLINK("#'Dim_Project'!A1", "Gå til fane ->")
A23: Dim_Date | B23: Datamodell | C23: Dato- og periodekalender for 2026 (tbl_Dim_Date) | D23: =HYPERLINK("#'Dim_Date'!A1", "Gå til fane ->")
A24: Dim_Model_Parameter | B24: Datamodell | C24: Parametertabell for EAC-framskrivingsmodeller (tbl_Dim_Parameters) | D24: =HYPERLINK("#'Dim_Model_Parameter'!A1", "Gå til fane ->")
A25: Fact_EVM_Snapshots | B25: Datamodell | C25: Historiske EVM månedssnapshots fra DuckDB (tbl_Fact_EVM) | D25: =HYPERLINK("#'Fact_EVM_Snapshots'!A1", "Gå til fane ->")
A26: Fact_UBW_Audit | B26: Datamodell | C26: UBW hovedboksposteringer med automatiserte kontrollflagg (tbl_Fact_UBW) | D26: =HYPERLINK("#'Fact_UBW_Audit'!A1", "Gå til fane ->")
A27: Fact_Travel_Audit | B27: Datamodell | C27: 15 DFØ reiseregninger med atestasjons- og måltidskontroll (tbl_Fact_Travel) | D27: =HYPERLINK("#'Fact_Travel_Audit'!A1", "Gå til fane ->")
A28: Fact_Project_BOA | B28: Datamodell | C28: Bidrags- og oppdragsforskning (NFR, EU, Oppdrag) med overhead (tbl_Fact_BOA) | D28: =HYPERLINK("#'Fact_Project_BOA'!A1", "Gå til fane ->")
A29: Dim_Kontoplan_2026 | B29: Datamodell | C29: Statens Standard Kontoplan (R-102) med SRS-koblinger (tbl_Dim_Kontoplan) | D29: =HYPERLINK("#'Dim_Kontoplan_2026'!A1", "Gå til fane ->")

Sheet 01_Executive_Cockpit
A1: Executive Project Controlling Cockpit
A2: Overordnet ledelsesrapport for Fakultetsdirektør og Dekan | Rapporteringsmåned: 2026-M10
A4: Kritiske Styrings-KPI-er (Dynamisk aggregert fra prosjektmodellen)
A5: Nøkkeltall / Dimensjon | B5: Verdi | C5: Mål / Grense | D5: Avvik / Status | E5: Formell Forklaring
A6: Total Portefølje BAC | B6: ='02_EVM_Prosjektkontroll'!C14 | C6: 71700000 | D6: I rute | E6: Samlet godkjent budsjettramme ved ferdigstillelse
A7: Påløpte Kostnader (AC) | B7: ='02_EVM_Prosjektkontroll'!F14 | C7: 40000000 | D7: Merforbruk | E7: Faktiske kostnader bokført i Unit4/UBW per M10
A8: Opptjent Verdi (EV) | B8: ='02_EVM_Prosjektkontroll'!E14 | C8: ='02_EVM_Prosjektkontroll'!D14 | D8: Fremdriftsavvik | E8: Fysisk fremdrift multiplisert med BAC
A9: Kostnadsavvik (CV NOK) | B9: ='02_EVM_Prosjektkontroll'!G14 | C9: 0 | D9: =IF(B9<0, "OVERFORBRUK", "UNDER BUDSJETT") | E9: Netto monetært kostnadsavvik (EV - AC)
A10: Portefølje CPI (Kostnad) | B10: ='02_EVM_Prosjektkontroll'!I14 | C10: 1 | D10: =IF(B10<0.9, "KRITISK", "TILFREDSSTILLENDE") | E10: Kostnadseffektivitetsindeks (EV / AC)
A11: Portefølje SPI (Fremdrift) | B11: ='02_EVM_Prosjektkontroll'!J14 | C11: 1 | D11: =IF(B11<0.9, "FORSINKET", "I RUTE") | E11: Fremdriftsindeks (EV / PV)
A12: Sluttkostnad (EAC Valgt Modell) | B12: ='02_EVM_Prosjektkontroll'!N14 | C12: ='02_EVM_Prosjektkontroll'!C14 | D12: Projisert Sluttkostnad | E12: Dynamisk prognose basert på valgt EAC-modell
A13: Sluttavvik (VAC Valgt Modell) | B13: ='02_EVM_Prosjektkontroll'!O14 | C13: 0 | D13: =IF(B13<0, "SLUTTOVERSKRIDELSE", "INSPEKT") | E13: Forventet avvik ved fullførelse (BAC - EAC)
A14: Statlig Driftsavsetning (F-05-20) | B14: ='04_F05_20_Avsetningskalkyle'!C9 | C14: 0.05 | D14: DISPENSASJON PÅKREVD | E14: 6,0 % avsetning overstiger 5,0 % lovfestet tak (+12M NOK)
A15: DFØ Reiseregninger Flagg | B15: ='05_Compliance_Internkontroll'!C20 | C15: 0 | D15: 7 Saker Flagget | E15: 7 av 15 reiseregninger flagget for atestasjonsbrudd (Unit4 sperret)
A18: Interaktiv Framskrivingsmodell Slicer (Endre cellen under for å oppdatere EAC-beregninger)
A19: Aktiv EAC Modell: | B19: COMPOSITE | C19: Valgbare verdier: 'CPI' | 'COMPOSITE' | 'WEIGHTED' (Se 'Dim_Model_Parameter' for detaljer)
A22: Strategisk Ledelses- og Tiltaksplan
A23: Prio | B23: Styringsområde | C23: Identifisert Risiko / Avvik | D23: Besluttet Ledelsestiltak | E23: Ansvarlig | F23: Frist
A24: P1 | B24: F-05-20 Avsetningskontroll | C24: 12,0 MNOK akkumulert over 5 % taket per M10 (inndragningsfare fra KD) | D24: Iverksett tiltakskort T1-T4 (9M NOK) + send dispensasjonssøknad for resterende 3M NOK | E24: Universitetsdirektør / Dekan | F24: 15.11.2026
A25: P1 | B25: EVM Prosjekt UM-ENG-03 | C25: Kritisk kostnads- og fremdriftsavvik (CPI 0.76, SPI 0.80, TCPI 2.14) | D25: Prosjekteiermøte: Kutt i konsulentomfang og reallokering av vitenskapelig personell | E25: Prosjektleder / Dekan | F25: 20.10.2026
A26: P1 | B26: EVM Prosjekt UM-FPV-01 | C26: Monetært kostnadsavvik -2,1 MNOK mot planlagt fremdrift (CPI 0.91) | D26: Revidert innkjøpsplan for maritim lab for å fange stordriftsfordeler | E26: Prosjektleder / Kontorsjef | F26: 01.11.2026
A27: P2 | B27: DFØ Internkontroll | C27: 2 tilfeller av egengodkjenning av reiser (brudd på UiA fullmaktsmatrise) | D27: Omruting av bilag til overordnet leder for gyldig atestasjon; sperr utbetaling i Unit4 | E27: Regnskapssjef | F27: 12.10.2026
A28: P2 | B28: DFØ Måltidskontroll | C28: 5 tilfeller av manglende diettfradrag (hotellfrokost/lunsj inkludert) | D28: Automatisk diettkorreksjon på neste lønnskjøring i henhold til statens satser | E28: Lønnscontroller | F28: 15.10.2026

Sheet 02_EVM_Prosjektkontroll
A1: Earned Value Management (EVM) — Prosjektportefølje & Fler-Modell EAC
A2: Formelverk iht. ANSI/EIA-748 og DFØ prosjektveileder. Modellvelger styres av cellen '01_Executive_Cockpit'!B19
A4: Prosjekt-ID | B4: Prosjektnavn | C4: Budsjett (BAC) | D4: Planlagt (PV) | E4: Opptjent (EV) | F4: Påløpt (AC) | G4: Kostnadsavvik (CV) | H4: Fremdriftsavvik (SV) | I4: CPI | J4: SPI | K4: EAC (Typisk CPI) | L4: EAC (Sammensatt) | M4: EAC (Vektet 80/20) | N4: EAC (Aktiv Modell) | O4: Sluttavvik (VAC) | P4: Gjenstående (ETC) | Q4: TCPI | R4: Risiko Status
A5: UM-DEF-02 | B5: Forsvarsforskning Agder (Skrogmodell) | C5: 18500000 | D5: 12000000 | E5: 12200000 | F5: 11800000 | G5: =E5-F5 | H5: =E5-D5 | I5: =IFERROR(E5/F5, 1.00) | J5: =IFERROR(E5/D5, 1.00) | K5: =IFERROR(C5/I5, C5) | L5: =IFERROR(F5+(C5-E5)/(I5*J5), C5) | M5: =IFERROR(F5+(C5-E5)/(0.8*I5+0.2*J5), C5) | N5: =IF('01_Executive_Cockpit'!$B$19="CPI", K5, IF('01_Executive_Cockpit'!$B$19="COMPOSITE", L5, M5)) | O5: =C5-N5 | P5: =N5-F5 | Q5: =IFERROR((C5-E5)/(C5-F5), 9.99) | R5: =IF(OR(I5<0.85, J5<0.85, O5<-1000000), "CRITICAL", IF(OR(I5<0.95, J5<0.95), "WARNING", "ON TRACK"))
A6: UM-ENG-03 | B6: Ingeniørutdanning Fornybar (Komposittlab) | C6: 8200000 | D6: 6500000 | E6: 5200000 | F6: 6800000 | G6: =E6-F6 | H6: =E6-D6 | I6: =IFERROR(E6/F6, 1.00) | J6: =IFERROR(E6/D6, 1.00) | K6: =IFERROR(C6/I6, C6) | L6: =IFERROR(F6+(C6-E6)/(I6*J6), C6) | M6: =IFERROR(F6+(C6-E6)/(0.8*I6+0.2*J6), C6) | N6: =IF('01_Executive_Cockpit'!$B$19="CPI", K6, IF('01_Executive_Cockpit'!$B$19="COMPOSITE", L6, M6)) | O6: =C6-N6 | P6: =N6-F6 | Q6: =IFERROR((C6-E6)/(C6-F6), 9.99) | R6: =IF(OR(I6<0.85, J6<0.85, O6<-1000000), "CRITICAL", IF(OR(I6<0.95, J6<0.95), "WARNING", "ON TRACK"))
A7: UM-FPV-01 | B7: Fotovoltaikk Solceller (Maritim Lab) | C7: 45000000 | D7: 22500000 | E7: 21000000 | F7: 23100000 | G7: =E7-F7 | H7: =E7-D7 | I7: =IFERROR(E7/F7, 1.00) | J7: =IFERROR(E7/D7, 1.00) | K7: =IFERROR(C7/I7, C7) | L7: =IFERROR(F7+(C7-E7)/(I7*J7), C7) | M7: =IFERROR(F7+(C7-E7)/(0.8*I7+0.2*J7), C7) | N7: =IF('01_Executive_Cockpit'!$B$19="CPI", K7, IF('01_Executive_Cockpit'!$B$19="COMPOSITE", L7, M7)) | O7: =C7-N7 | P7: =N7-F7 | Q7: =IFERROR((C7-E7)/(C7-F7), 9.99) | R7: =IF(OR(I7<0.85, J7<0.85, O7<-1000000), "CRITICAL", IF(OR(I7<0.95, J7<0.95), "WARNING", "ON TRACK"))
A8: NFR001 | B8: NFR-AI: Kunstig intelligens i styring | C8: 4000000 | D8: 2600000 | E8: 1680000 | F8: 1680000 | G8: =E8-F8 | H8: =E8-D8 | I8: =IFERROR(E8/F8, 1.00) | J8: =IFERROR(E8/D8, 1.00) | K8: =IFERROR(C8/I8, C8) | L8: =IFERROR(F8+(C8-E8)/(I8*J8), C8) | M8: =IFERROR(F8+(C8-E8)/(0.8*I8+0.2*J8), C8) | N8: =IF('01_Executive_Cockpit'!$B$19="CPI", K8, IF('01_Executive_Cockpit'!$B$19="COMPOSITE", L8, M8)) | O8: =C8-N8 | P8: =N8-F8 | Q8: =IFERROR((C8-E8)/(C8-F8), 9.99) | R8: =IF(OR(I8<0.85, J8<0.85, O8<-1000000), "CRITICAL", IF(OR(I8<0.95, J8<0.95), "WARNING", "ON TRACK"))
A9: NFR002 | B9: NFR-Helse: Pasientsikkerhet i helsefag | C9: 2800000 | D9: 1450000 | E9: 1450000 | F9: 1450000 | G9: =E9-F9 | H9: =E9-D9 | I9: =IFERROR(E9/F9, 1.00) | J9: =IFERROR(E9/D9, 1.00) | K9: =IFERROR(C9/I9, C9) | L9: =IFERROR(F9+(C9-E9)/(I9*J9), C9) | M9: =IFERROR(F9+(C9-E9)/(0.8*I9+0.2*J9), C9) | N9: =IF('01_Executive_Cockpit'!$B$19="CPI", K9, IF('01_Executive_Cockpit'!$B$19="COMPOSITE", L9, M9)) | O9: =C9-N9 | P9: =N9-F9 | Q9: =IFERROR((C9-E9)/(C9-F9), 9.99) | R9: =IF(OR(I9<0.85, J9<0.85, O9<-1000000), "CRITICAL", IF(OR(I9<0.95, J9<0.95), "WARNING", "ON TRACK"))
A10: EU001 | B10: EU Horizon: Green Maritime Tech | C10: 6200000 | D10: 3100000 | E10: 3100000 | F10: 3100000 | G10: =E10-F10 | H10: =E10-D10 | I10: =IFERROR(E10/F10, 1.00) | J10: =IFERROR(E10/D10, 1.00) | K10: =IFERROR(C10/I10, C10) | L10: =IFERROR(F10+(C10-E10)/(I10*J10), C10) | M10: =IFERROR(F10+(C10-E10)/(0.8*I10+0.2*J10), C10) | N10: =IF('01_Executive_Cockpit'!$B$19="CPI", K10, IF('01_Executive_Cockpit'!$B$19="COMPOSITE", L10, M10)) | O10: =C10-N10 | P10: =N10-F10 | Q10: =IFERROR((C10-E10)/(C10-F10), 9.99) | R10: =IF(OR(I10<0.85, J10<0.85, O10<-1000000), "CRITICAL", IF(OR(I10<0.95, J10<0.95), "WARNING", "ON TRACK"))
A11: EU002 | B11: EU Horizon: Digital Governance | C11: 4500000 | D11: 2150000 | E11: 2150000 | F11: 2150000 | G11: =E11-F11 | H11: =E11-D11 | I11: =IFERROR(E11/F11, 1.00) | J11: =IFERROR(E11/D11, 1.00) | K11: =IFERROR(C11/I11, C11) | L11: =IFERROR(F11+(C11-E11)/(I11*J11), C11) | M11: =IFERROR(F11+(C11-E11)/(0.8*I11+0.2*J11), C11) | N11: =IF('01_Executive_Cockpit'!$B$19="CPI", K11, IF('01_Executive_Cockpit'!$B$19="COMPOSITE", L11, M11)) | O11: =C11-N11 | P11: =N11-F11 | Q11: =IFERROR((C11-E11)/(C11-F11), 9.99) | R11: =IF(OR(I11<0.85, J11<0.85, O11<-1000000), "CRITICAL", IF(OR(I11<0.95, J11<0.95), "WARNING", "ON TRACK"))
A12: EVU001 | B12: EVU Videreutdanning for kommuner | C12: 1200000 | D12: 600000 | E12: 600000 | F12: 864000 | G12: =E12-F12 | H12: =E12-D12 | I12: =IFERROR(E12/F12, 1.00) | J12: =IFERROR(E12/D12, 1.00) | K12: =IFERROR(C12/I12, C12) | L12: =IFERROR(F12+(C12-E12)/(I12*J12), C12) | M12: =IFERROR(F12+(C12-E12)/(0.8*I12+0.2*J12), C12) | N12: =IF('01_Executive_Cockpit'!$B$19="CPI", K12, IF('01_Executive_Cockpit'!$B$19="COMPOSITE", L12, M12)) | O12: =C12-N12 | P12: =N12-F12 | Q12: =IFERROR((C12-E12)/(C12-F12), 9.99) | R12: =IF(OR(I12<0.85, J12<0.85, O12<-1000000), "CRITICAL", IF(OR(I12<0.95, J12<0.95), "WARNING", "ON TRACK"))
A13: OPPDRAG01 | B13: Oppdragsforskning Batteriteknologi | C13: 1800000 | D13: 900000 | E13: 890000 | F13: 890000 | G13: =E13-F13 | H13: =E13-D13 | I13: =IFERROR(E13/F13, 1.00) | J13: =IFERROR(E13/D13, 1.00) | K13: =IFERROR(C13/I13, C13) | L13: =IFERROR(F13+(C13-E13)/(I13*J13), C13) | M13: =IFERROR(F13+(C13-E13)/(0.8*I13+0.2*J13), C13) | N13: =IF('01_Executive_Cockpit'!$B$19="CPI", K13, IF('01_Executive_Cockpit'!$B$19="COMPOSITE", L13, M13)) | O13: =C13-N13 | P13: =N13-F13 | Q13: =IFERROR((C13-E13)/(C13-F13), 9.99) | R13: =IF(OR(I13<0.85, J13<0.85, O13<-1000000), "CRITICAL", IF(OR(I13<0.95, J13<0.95), "WARNING", "ON TRACK"))
A14: SUM PORTEFØLJE | C14: =SUM(C5:C13) | D14: =SUM(D5:D13) | E14: =SUM(E5:E13) | F14: =SUM(F5:F13) | G14: =E14-F14 | H14: =E14-D14 | I14: =E14/F14 | J14: =E14/D14 | K14: =SUM(K5:K13) | L14: =SUM(L5:L13) | M14: =SUM(M5:M13) | N14: =SUM(N5:N13) | O14: =C14-N14 | P14: =N14-F14 | Q14: =(C14-E14)/(C14-F14) | R14: PORTEFØLJE

Sheet 03_S_Kurve_Tidsserie
A1: Kumulativ EVM S-Kurve & Månedlig Tidsserie 2026
A2: Månedsfordelt oppfølging av Planned Value (PV), Earned Value (EV) og Actual Cost (AC) for porteføljen
A4: Periode | B4: Måned | C4: Planlagt Verdi (PV) | D4: Opptjent Verdi (EV) | E4: Påløpt Kostnad (AC) | F4: Kostnadsavvik (CV) | G4: Fremdriftsavvik (SV) | H4: Kumulativ CPI | I4: Kumulativ SPI
A5: 2026-M01 | B5: Januar | C5: 3500000 | D5: 3600000 | E5: 3400000 | F5: =D5-E5 | G5: =D5-C5 | H5: =D5/E5 | I5: =D5/C5
A6: 2026-M02 | B6: Februar | C6: 7200000 | D6: 7100000 | E6: 7000000 | F6: =D6-E6 | G6: =D6-C6 | H6: =D6/E6 | I6: =D6/C6
A7: 2026-M03 | B7: Mars | C7: 11500000 | D7: 11000000 | E7: 11200000 | F7: =D7-E7 | G7: =D7-C7 | H7: =D7/E7 | I7: =D7/C7
A8: 2026-M04 | B8: April | C8: 16000000 | D8: 15200000 | E8: 15900000 | F8: =D8-E8 | G8: =D8-C8 | H8: =D8/E8 | I8: =D8/C8
A9: 2026-M05 | B9: Mai | C9: 21000000 | D9: 19800000 | E9: 21100000 | F9: =D9-E9 | G9: =D9-C9 | H9: =D9/E9 | I9: =D9/C9
A10: 2026-M06 | B10: Juni | C10: 26500000 | D10: 24900000 | E10: 27000000 | F10: =D10-E10 | G10: =D10-C10 | H10: =D10/E10 | I10: =D10/C10
A11: 2026-M07 | B11: Juli | C11: 30000000 | D11: 28000000 | E11: 30500000 | F11: =D11-E11 | G11: =D11-C11 | H11: =D11/E11 | I11: =D11/C11
A12: 2026-M08 | B12: August | C12: 34500000 | D12: 32100000 | E12: 35200000 | F12: =D12-E12 | G12: =D12-C12 | H12: =D12/E12 | I12: =D12/C12
A13: 2026-M09 | B13: September | C13: 38000000 | D13: 35000000 | E13: 38500000 | F13: =D13-E13 | G13: =D13-C13 | H13: =D13/E13 | I13: =D13/C13
A14: 2026-M10 | B14: Oktober (Aktuell) | C14: 41000000 | D14: 38400000 | E14: 41700000 | F14: =D14-E14 | G14: =D14-C14 | H14: =D14/E14 | I14: =D14/C14
A15: 2026-M11 | B15: November (Prognose) | C15: 55000000 | F15: - | G15: - | H15: - | I15: -
A16: 2026-M12 | B16: Desember (BAC Mål) | C16: 71700000 | F16: - | G16: - | H16: - | I16: -

Sheet 04_F05_20_Avsetningskalkyle
A1: Statlig Avsetningskontroll & Preskriptiv Tiltaksmodell (F-05-20)
A2: Kunnskapsdepartementets regelverk for overføring av ubrukte bevilgninger (Maks 5,0 % av Kap. 260 post 50)
A4: Statlige Rammetall & Gjeldende Status (2026-M10)
A5: Bevilgningsparameter / Nøkkeltall | B5: Beløp (NOK) | C5: Andel av Ramme | D5: Status & Merknad
A6: Statlig Grunnbevilgning (Kap. 260, post 50) | B6: 1200000000 | C6: 1 | D6: Tildeling over statsbudsjettet 2026
A7: Maksimalt Lovfestet Avsetningstak (5,0 %) | B7: =B6*0.05 | C7: =B7/B6 | D7: Grenseverdi fastsatt i rundskriv F-05-20
A8: Reell Akkumulert Driftsavsetning (M10) | B8: 72000000 | C8: =B8/B6 | D8: Akkumulert overskudd/mindreforbruk per 31.10.2026
A9: Beregnet Overskridelse (Eksponert for Inndragning) | B9: =MAX(0, B8-B7) | C9: =B9/B6 | D9: DISPENSASJON PÅKREVD: Risiko for at KD inndrar midler
A12: Preskriptiv Tiltaksmodell — Simulering av EOY-Balanse (Endre beløp i kolonne B for å simulere effekt)
A13: Tiltaks-ID | B13: Tiltaksbeskrivelse / Strategisk Formål | C13: Simulert Tiltakskostnad (NOK) | D13: Foreslått Ansvarlig | E13: Gjennomførbarhet
A14: T1 | B14: Framskyndet utstyrsinnkjøp maritim lab og simulatorer | C14: 5000000 | D14: Fakultetsdirektør | E14: Høy - Anbud klart
A15: T2 | B15: Ekstraordinært IKT-vedlikehold & energieffektivisering | C15: 4000000 | D15: Eiendomssjef | E15: Høy - Rammekontrakt
A16: T3 | B16: Strategiske såkornmidler til EU Horizon forskningskonsortier | C16: 2000000 | D16: Forskningsdekan | E16: Middels - Utlysning nov
A17: T4 | B17: Ph.d.- og postdoktor stipendiatrekrutteringspakke | C17: 1000000 | D17: Instituttleder | E17: Høy - Rekruttering igangsatt
A18: SUM TILTAKSPLAN | C18: =SUM(C14:C17)
A20: Revidert Sluttbalanse Prognose (EOY 2026)
A21: Opprinnelig Akkumulert Driftsavsetning M10 | B21: =B8 | C21: =B21/B6
A22: Total Effekt av Iverksatte Ledelsestiltak | B22: =C18 | C22: =B22/B6
A23: Revidert Prognostisert Driftsavsetning EOY | B23: =B21-B22 | C23: =B23/B6
A24: Revidert Overskridelse mot 5 % Tak | B24: =MAX(0, B23-B7) | C24: =B24/B6
A25: Revidert Regelverksstatus | B25: =IF(B23<=B7, "MÅL OPPNÅDD: INNENFOR 5,0 % GRENSE", "FORTSATT DISPENSASJONSBEHOV (Restbeløp søkes)")

Sheet 05_Compliance_Internkontroll
A1: DFØ & UBW Internkontroll — Atestering, Bilagskontroll & Sperrelister
A2: Overvåking av 4-øyne-prinsippet, beløpsfullmakter, måltidsfradrag og bilagsdokumentasjon
A4: Internkontroll Nøkkeltall (M10)
A5: Område | B5: Scannede Saker | C5: Flagg / Avvik | D5: Eksponert Beløp | E5: Status Unit4
A6: DFØ Reiseregninger (15 stk utvalg) | B6: 15 | C6: =COUNTIF(M12:M26, "FLAGGED") | D6: =SUMIF(M12:M26, "FLAGGED", E12:E26) | E6: 7 Sperret for utbetaling
A7: UBW Hovedboksposteringer (transaksjoner) | B7: 5 | C7: =COUNTIF(Fact_UBW_Audit!I2:I6, "<>OK") | D7: =SUMIF(Fact_UBW_Audit!I2:I6, "<>OK", Fact_UBW_Audit!D2:D6) | E7: 1 Egengodkjenning flagget
A8: TOTAL EKSPONERING | B8: 20 | C8: =C6+C7 | D8: =D6+D7 | E8: Sperrelister etablert
A10: DFØ Reiseregninger — Detaljert Kontrollmatrise (tbl_Travel_Audit)
A11: Reise-ID | B11: Ansatt Navn | C11: Dato | D11: Formål | E11: Beløp (NOK) | F11: Måltid Dekket | G11: Fradrag Utført | H11: Km Godtgj. | I11: Kvittering | J11: BDM ID | K11: Attestant ID | L11: Avviksbeskrivelse | M11: Audit Status | N11: Sperret i Unit4?
A12: REISE-2026-001 | B12: Ola Nordmann | C12: 2026-01-12 | D12: Fagkonferanse Bergen | E12: 3450 | F12: Lunsj, Middag | G12: JA | H12: 0 | I12: JA | J12: EMP-101 | K12: EMP-102 | L12: OK | M12: APPROVED | N12: NEI
A13: REISE-2026-002 | B13: Kari Hansen | C13: 2026-01-15 | D13: Møte Kunnskapsdepartementet | E13: 2100 | F13: Middag | G13: NEI | H13: 0 | I13: JA | J13: EMP-103 | K13: EMP-104 | L13: BRUDD_MALTID: Måltid var dekket (Middag), men måltidsfradrag er ikke trukket fra diett. | M13: FLAGGED | N13: JA
A14: REISE-2026-003 | B14: Per Olsen | C14: 2026-01-18 | D14: Feltarbeid Agder | E14: 850 | F14: Ingen | G14: JA | H14: 180 | I14: JA | J14: EMP-105 | K14: EMP-106 | L14: OK | M14: APPROVED | N14: NEI
A15: REISE-2026-004 | B15: Anne Berg | C15: 2026-01-20 | D15: Prosjektmøte EU Horizon | E15: 4800 | F15: Frokost, Lunsj | G15: JA | H15: 0 | I15: JA | J15: EMP-107 | K15: EMP-107 | L15: BRUDD_FIRE_OYNE: BDM og attestant er samme person (egengodkjenning). | M15: FLAGGED | N15: JA
A16: REISE-2026-005 | B16: Lars Lie | C16: 2026-01-22 | D16: Deltakelse forskningsseminar Trondheim | E16: 3200 | F16: Frokost, Lunsj, Middag | G16: NEI | H16: 0 | I16: JA | J16: EMP-108 | K16: EMP-109 | L16: BRUDD_MALTID: Måltid var dekket (Frokost, Lunsj, Middag), men måltidsfradrag er ikke trukket fra diett. | M16: FLAGGED | N16: JA
A17: REISE-2026-006 | B17: Eva Sunde | C17: 2026-01-25 | D17: Kort møte Arendal | E17: 450 | F17: Ingen | G17: JA | H17: 65 | I17: JA | J17: EMP-110 | K17: EMP-111 | L17: BRUDD_KM_RUTE: Kilometergodtgjørelse krever spesifisert rutebeskrivelse. | M17: FLAGGED | N17: JA
A18: REISE-2026-007 | B18: Kjetil Dahl | C18: 2026-01-28 | D18: Taxi til flyplass Kjevik | E18: 620 | F18: Ingen | G18: JA | H18: 0 | I18: NEI | J18: EMP-112 | K18: EMP-113 | L18: BRUDD_KVITTERING: Beløp over 100 NOK mangler vedlagt originalkvittering. | M18: FLAGGED | N18: JA
A19: REISE-2026-008 | B19: Guri Moe | C19: 2026-02-02 | D19: AACSB Akkrediteringsmøte | E19: 8900 | F19: Lunsj | G19: JA | H19: 0 | I19: JA | J19: EMP-114 | K19: EMP-115 | L19: OK | M19: APPROVED | N19: NEI
A20: REISE-2026-009 | B20: Svein Bakke | C20: 2026-02-05 | D20: Bedriftsbesøk Kristiansand | E20: 310 | F20: Ingen | G20: JA | H20: 0 | I20: JA | J20: EMP-116 | K20: EMP-117 | L20: OK | M20: APPROVED | N20: NEI
A21: REISE-2026-010 | B21: Monika Vik | C21: 2026-02-08 | D21: Gjesteforelesning UiO | E21: 2750 | F21: Lunsj, Middag | G21: JA | H21: 0 | I21: JA | J21: EMP-118 | K21: EMP-119 | L21: OK | M21: APPROVED | N21: NEI
A22: REISE-2026-011 | B22: Tor Haug | C22: 2026-02-11 | D22: Middagsrepresentasjon eksterne partnere | E22: 1850 | F22: Middag | G22: JA | H22: 0 | I22: NEI | J22: EMP-120 | K22: EMP-121 | L22: BRUDD_KVITTERING: Beløp over 100 NOK mangler vedlagt originalkvittering. | M22: FLAGGED | N22: JA
A23: REISE-2026-012 | B23: Ingrid Solberg | C23: 2026-02-14 | D23: Styremøte NFR Oslo | E23: 3900 | F23: Frokost | G23: JA | H23: 0 | I23: JA | J23: EMP-122 | K23: EMP-123 | L23: OK | M23: APPROVED | N23: NEI
... A26: REISE-2026-015 | B26: Morten Hagen | C26: 2026-02-25 | D26: Utlegg parkering Gardermoen | E26: 850 | F26: Ingen | G26: JA | H26: 0 | I26: JA | J26: EMP-127 | K26: EMP-128 | L26: OK | M26: APPROVED | N26: NEI
A27: TOTALT REISEREGNINGER | E27: =SUM(E12:E26) | H27: =SUM(H12:H26)

Sheet Dim_Project
A1: project_id | B1: project_name | C1: department | D1: pm_name | E1: category | F1: bac | G1: status
A2: UM-DEF-02 | B2: Forsvarsforskning Agder (Skrogmodell) | C2: Teknologi og realfag | D2: Prof. T. Gundersen | E2: Forsvarskontrakt | F2: 18500000 | G2: ON TRACK
A3: UM-ENG-03 | B3: Ingeniørutdanning Fornybar (Komposittlab) | C3: Ingeniørvitenskap | D3: Dr. E. Hansen | E3: Utdanning / Lab | F3: 8200000 | G3: CRITICAL
A4: UM-FPV-01 | B4: Fotovoltaikk Solceller (Maritim Lab) | C4: Fornybar Energi | D4: Prof. S. Vik | E4: Investering / FOU | F4: 45000000 | G4: CRITICAL
A5: NFR001 | B5: NFR-AI: Kunstig intelligens i styring | C5: Handelshøyskolen | D5: Prof. R. Møller | E5: NFR Forskning (SRS 10) | F5: 4000000 | G5: WARNING
A6: NFR002 | B6: NFR-Helse: Pasientsikkerhet i helsefag | C6: Helse- og idrettsfag | D6: Dr. K. Strand | E6: NFR Forskning (SRS 10) | F6: 2800000 | G6: ON TRACK
A7: EU001 | B7: EU Horizon: Green Maritime Tech | C7: Teknologi og realfag | D7: Prof. H. Berg | E7: EU Horizon Europe (SRS 10) | F7: 6200000 | G7: ON TRACK
A8: EU002 | B8: EU Horizon: Digital Governance | C8: Samfunnsvitenskap | D8: Dr. L. Aas | E8: EU Horizon Europe (SRS 10) | F8: 4500000 | G8: ON TRACK
A9: EVU001 | B9: EVU Videreutdanning for kommuner | C9: Etter- og videreutdanning | D9: A. Lie | E9: Oppdragsundervisning (SRS 9) | F9: 1200000 | G9: CRITICAL
A10: OPPDRAG01 | B10: Oppdragsforskning Batteriteknologi | C10: Teknologi og realfag | D10: Dr. O. Dale | E10: Næringslivsoppdrag (SRS 9) | F10: 1800000 | G10: ON TRACK

Sheet Dim_Date
A1: Date | B1: Year | C1: Month | D1: MonthName | E1: ReportingPeriod | F1: Quarter
A2: 2026-01-01 | B2: 2026 | C2: 1 | D2: January | E2: 2026-M01 | F2: 1
A3: 2026-01-02 | B3: 2026 | C3: 1 | D3: January | E3: 2026-M01 | F3: 1
A4: 2026-01-03 | B4: 2026 | C4: 1 | D4: January | E4: 2026-M01 | F4: 1
A5: 2026-01-04 | B5: 2026 | C5: 1 | D5: January | E5: 2026-M01 | F5: 1
A6: 2026-01-05 | B6: 2026 | C6: 1 | D6: January | E6: 2026-M01 | F6: 1
A7: 2026-01-06 | B7: 2026 | C7: 1 | D7: January | E7: 2026-M01 | F7: 1
A8: 2026-01-07 | B8: 2026 | C8: 1 | D8: January | E8: 2026-M01 | F8: 1
A9: 2026-01-08 | B9: 2026 | C9: 1 | D9: January | E9: 2026-M01 | F9: 1
A10: 2026-01-09 | B10: 2026 | C10: 1 | D10: January | E10: 2026-M01 | F10: 1
A11: 2026-01-10 | B11: 2026 | C11: 1 | D11: January | E11: 2026-M01 | F11: 1
A12: 2026-01-11 | B12: 2026 | C12: 1 | D12: January | E12: 2026-M01 | F12: 1
A13: 2026-01-12 | B13: 2026 | C13: 1 | D13: January | E13: 2026-M01 | F13: 1
... A366: 2026-12-31 | B366: 2026 | C366: 12 | D366: December | E366: 2026-M12 | F366: 4

Sheet Dim_Model_Parameter
A1: ModelCode | B1: ModelName | C1: Formula_Logic | D1: Cost_Weight | E1: Schedule_Weight | F1: Description
A2: CPI | B2: Typisk CPI Modell | C2: BAC / CPI | D2: 1 | E2: 0 | F2: Forutsetter at historisk kostnadseffektivitet fortsetter uendret ut prosjektet
A3: COMPOSITE | B3: Sammensatt CPI x SPI Modell | C3: AC + (BAC - EV)/(CPI * SPI) | D3: 0.5 | E3: 0.5 | F3: Tar eksplisitt hensyn til fremdriftsavvik og leveranseforsinkelse
A4: WEIGHTED | B4: Vektet 80/20 Modell | C4: AC + (BAC - EV)/(0.8*CPI + 0.2*SPI) | D4: 0.8 | E4: 0.2 | F4: Standard controlling-framskriving med 80 % vekt på kostnad og 20 % på fremdrift

Sheet Fact_EVM_Snapshots
A1: reporting_period | B1: snapshot_timestamp | C1: project_id | D1: bac | E1: pv | F1: ev | G1: ac | H1: cpi | I1: spi | J1: eac_cpi | K1: eac_composite | L1: eac_weighted | M1: vac | N1: tcpi | O1: status
A2: 2026-M08 | B2: 2026-10-04 18:42:19 | C2: UM-DEF-02 | D2: 18500000 | E2: 12333333 | F2: 12600000 | G2: 12100000 | H2: 1.04 | I2: 1.02 | J2: 17788462 | K2: 17661840 | L2: 17794981 | M2: 711538.46 | N2: 0.92 | O2: ON TRACK
A3: 2026-M08 | B3: 2026-10-04 18:42:19 | C3: UM-ENG-03 | D3: 8200000 | E3: 5466667 | F3: 4300000 | G3: 5800000 | H3: 0.74 | I3: 0.79 | J3: 11081081 | K3: 12471228 | L3: 11000000 | M3: -2881081.1 | N3: 1.62 | O3: CRITICAL
A4: 2026-M08 | B4: 2026-10-04 18:42:19 | C4: UM-FPV-01 | D4: 45000000 | E4: 30000000 | F4: 27500000 | G4: 30200000 | H4: 0.91 | I4: 0.92 | J4: 49450549 | K4: 51103010 | L4: 49388596 | M4: -4450549.5 | N4: 1.18 | O4: CRITICAL
A5: 2026-M08 | B5: 2026-10-04 18:42:19 | C5: UM-AI-04 | D5: 12000000 | E5: 8000000 | F5: 8300000 | G5: 7900000 | H5: 1.05 | I5: 1.04 | J5: 11428571 | K5: 11288278 | L5: 11430534 | M5: 571428.57 | N5: 0.9 | O5: ON TRACK
A6: 2026-M08 | B6: 2026-10-04 18:42:19 | C6: UM-HEALTH-05 | D6: 15000000 | E6: 10000000 | F6: 9100000 | G6: 10400000 | H6: 0.88 | I6: 0.91 | J6: 17045455 | K6: 17767632 | L6: 17059142 | M6: -2045454.6 | N6: 1.28 | O6: CRITICAL
A7: 2026-M09 | B7: 2026-10-04 18:51:56 | C7: UM-DEF-02 | D7: 18500000 | E7: 13875000 | F7: 14100000 | G7: 13500000 | H7: 1.04 | I7: 1.02 | J7: 17788462 | K7: 17647813 | L7: 17747104 | M7: 711538.46 | N7: 0.88 | O7: ON TRACK
A8: 2026-M09 | B8: 2026-10-04 18:51:56 | C8: UM-ENG-03 | D8: 8200000 | E8: 6150000 | F8: 4800000 | G8: 6500000 | H8: 0.74 | I8: 0.78 | J8: 11081081 | K8: 12390506 | L8: 11045455 | M8: -2881081.1 | N8: 2 | O8: CRITICAL
A9: 2026-M09 | B9: 2026-10-04 18:51:56 | C9: UM-FPV-01 | D9: 45000000 | E9: 33750000 | F9: 31000000 | G9: 33800000 | H9: 0.92 | I9: 0.92 | J9: 48913043 | K9: 50340643 | L9: 49017391 | M9: -3913043.5 | N9: 1.25 | O9: CRITICAL
A10: 2026-M09 | B10: 2026-10-04 18:51:56 | C10: UM-AI-04 | D10: 12000000 | E10: 9000000 | F10: 9300000 | G10: 8800000 | H10: 1.06 | I10: 1.03 | J10: 11320755 | K10: 11272980 | L10: 11361670 | M10: 679245.28 | N10: 0.84 | O10: ON TRACK
A11: 2026-M09 | B11: 2026-10-04 18:51:56 | C11: UM-HEALTH-05 | D11: 15000000 | E11: 11250000 | F11: 10200000 | G11: 11600000 | H11: 0.88 | I11: 0.91 | J11: 17045455 | K11: 17594006 | L11: 17017607 | M11: -2045454.6 | N11: 1.41 | O11: CRITICAL
A12: 2026-M10 | B12: 2026-10-04 19:02:11 | C12: UM-DEF-02 | D12: 18500000 | E12: 12000000 | F12: 12200000 | G12: 11800000 | H12: 1.03 | I12: 1.02 | J12: 17961165 | K12: 17796573 | L12: 17928405 | M12: 538834.95 | N12: 0.94 | O12: ON TRACK
A13: 2026-M10 | B13: 2026-10-04 19:02:11 | C13: UM-ENG-03 | D13: 8200000 | E13: 6500000 | F13: 5200000 | G13: 6800000 | H13: 0.76 | I13: 0.8 | J13: 10789474 | K13: 11734211 | L13: 10706250 | M13: -2589473.7 | N13: 2.14 | O13: CRITICAL
A14: 2026-M10 | B14: 2026-10-04 19:02:11 | C14: UM-FPV-01 | D14: 45000000 | E14: 22500000 | F14: 21000000 | G14: 23100000 | H14: 0.91 | I14: 0.93 | J14: 49450549 | K14: 51458738 | L14: 49358206 | M14: -4450549.5 | N14: 1.1 | O14: CRITICAL

Sheet Fact_UBW_Audit
A1: transaksjon_id | B1: konto | C1: beskrivelse | D1: belop_nok | E1: bdm_id | F1: attestant_id | G1: kvittering_vedlagt | H1: formaal | I1: Kontrollflagg
A2: TX-1001 | B2: 7100 | C2: Bilgodtgjørelse feltarbeid | D2: 1450 | E2: EMP-201 | F2: EMP-202 | G2: 1 | H2: Feltarbeid Agder | I2: =IF(E2=F2, "BRUDD: Egengodkjenning", IF(G2=0, "MANGLER BILAG", "OK"))
A3: TX-1002 | B3: 7130 | C3: Reiseregning fagsamling | D3: 4200 | E3: EMP-203 | F3: EMP-203 | G3: 1 | H3: Konferanse Oslo (FEIL: Egengodkjent) | I3: =IF(E3=F3, "BRUDD: Egengodkjenning", IF(G3=0, "MANGLER BILAG", "OK"))
A4: TX-1003 | B4: 6800 | C4: Kontorrekvisita | D4: 250 | E4: EMP-201 | F4: EMP-204 | G4: 0 | H4: Innkjøp rekvisita (FEIL: Mangler kvittering > 100 kr) | I4: =IF(E4=F4, "BRUDD: Egengodkjenning", IF(G4=0, "MANGLER BILAG", "OK"))
A5: TX-1004 | B5: 5330 | C5: Sensorhonorar Vår 2026 | D5: 12500 | E5: EMP-205 | F5: EMP-206 | G5: 1 | H5: Sensur ORG-200 | I5: =IF(E5=F5, "BRUDD: Egengodkjenning", IF(G5=0, "MANGLER BILAG", "OK"))
A6: TX-1005 | B6: 7150 | C6: Utenlandsreise AACSB | D6: 18500 | E6: EMP-201 | F6: EMP-202 | G6: 1 | H6: AACSB Konferanse USA | I6: =IF(E6=F6, "BRUDD: Egengodkjenning", IF(G6=0, "MANGLER BILAG", "OK"))
A7: TX-9001 | B7: 5000 | C7: Fast Lønn - Sept 2026 (Handelshøyskolen) | D7: 40471.27 | E7: EMP-114 | F7: EMP-108 | G7: 1 | H7: Fast Lønn - Sept 2026 (Handelshøyskolen) | I7: =IF(E7=F7, "BRUDD: Egengodkjenning", IF(G7=0, "MANGLER BILAG", "OK"))
A8: TX-9002 | B8: 7100 | C8: Bilgodtgjørelse feltarbeid - Sept 2026 (Helse- og Idrettsvitenskap) | D8: 2352.61 | E8: EMP-110 | F8: EMP-112 | G8: 1 | H8: Bilgodtgjørelse feltarbeid - Sept 2026 (Helse- og Idrettsvitenskap) | I8: =IF(E8=F8, "BRUDD: Egengodkjenning", IF(G8=0, "MANGLER BILAG", "OK"))
A9: TX-9003 | B9: 5000 | C9: Fast Lønn - Sept 2026 (Fellesadministrasjon) | D9: 55209.04 | E9: EMP-103 | F9: EMP-110 | G9: 1 | H9: Fast Lønn - Sept 2026 (Fellesadministrasjon) | I9: =IF(E9=F9, "BRUDD: Egengodkjenning", IF(G9=0, "MANGLER BILAG", "OK"))
A10: TX-9004 | B10: 3400 | C10: Oppdragsinntekter BOA - Sept 2026 (Handelshøyskolen) | D10: -69957.11 | E10: EMP-104 | F10: EMP-114 | G10: 1 | H10: Oppdragsinntekter BOA - Sept 2026 (Handelshøyskolen) | I10: =IF(E10=F10, "BRUDD: Egengodkjenning", IF(G10=0, "MANGLER BILAG", "OK"))
A11: TX-9005 | B11: 7130 | C11: Reiseregning fagsamling - Sept 2026 (Handelshøyskolen) | D11: 4001.14 | E11: EMP-107 | F11: EMP-102 | G11: 1 | H11: Reiseregning fagsamling - Sept 2026 (Handelshøyskolen) | I11: =IF(E11=F11, "BRUDD: Egengodkjenning", IF(G11=0, "MANGLER BILAG", "OK"))
A12: TX-9006 | B12: 6800 | C12: Kontorrekvisita - Sept 2026 (Handelshøyskolen) | D12: 1437.32 | E12: EMP-101 | F12: EMP-107 | G12: 1 | H12: Kontorrekvisita - Sept 2026 (Handelshøyskolen) | I12: =IF(E12=F12, "BRUDD: Egengodkjenning", IF(G12=0, "MANGLER BILAG", "OK"))
A13: TX-9007 | B13: 5330 | C13: Sensorhonorarer - Sept 2026 (Teknologi og Realfag) | D13: 10574.2 | E13: EMP-104 | F13: EMP-113 | G13: 1 | H13: Sensorhonorarer - Sept 2026 (Teknologi og Realfag) | I13: =IF(E13=F13, "BRUDD: Egengodkjenning", IF(G13=0, "MANGLER BILAG", "OK"))
... A93: TX-9087 | B93: 7100 | C93: Bilgodtgjørelse feltarbeid - Sept 2026 (Fellesadministrasjon) | D93: 2458.76 | E93: EMP-114 | F93: EMP-113 | G93: 1 | H93: Bilgodtgjørelse feltarbeid - Sept 2026 (Fellesadministrasjon) | I93: =IF(E93=F93, "BRUDD: Egengodkjenning", IF(G93=0, "MANGLER BILAG", "OK"))

Sheet Fact_Travel_Audit
A1: Reise-ID | B1: Ansatt Navn | C1: Dato | D1: Formål | E1: Beløp (NOK) | F1: Måltid Dekket | G1: Fradrag Utført | H1: Km Godtgj. | I1: Kvittering | J1: BDM ID | K1: Attestant ID | L1: Avviksbeskrivelse | M1: Audit Status | N1: Sperret i Unit4?
A2: REISE-2026-001 | B2: Ola Nordmann | C2: 2026-01-12 | D2: Fagkonferanse Bergen | E2: 3450 | F2: Lunsj, Middag | G2: JA | H2: 0 | I2: JA | J2: EMP-101 | K2: EMP-102 | L2: OK | M2: APPROVED | N2: NEI
A3: REISE-2026-002 | B3: Kari Hansen | C3: 2026-01-15 | D3: Møte Kunnskapsdepartementet | E3: 2100 | F3: Middag | G3: NEI | H3: 0 | I3: JA | J3: EMP-103 | K3: EMP-104 | L3: BRUDD_MALTID: Måltid var dekket (Middag), men måltidsfradrag er ikke trukket fra diett. | M3: FLAGGED | N3: JA
A4: REISE-2026-003 | B4: Per Olsen | C4: 2026-01-18 | D4: Feltarbeid Agder | E4: 850 | F4: Ingen | G4: JA | H4: 180 | I4: JA | J4: EMP-105 | K4: EMP-106 | L4: OK | M4: APPROVED | N4: NEI
A5: REISE-2026-004 | B5: Anne Berg | C5: 2026-01-20 | D5: Prosjektmøte EU Horizon | E5: 4800 | F5: Frokost, Lunsj | G5: JA | H5: 0 | I5: JA | J5: EMP-107 | K5: EMP-107 | L5: BRUDD_FIRE_OYNE: BDM og attestant er samme person (egengodkjenning). | M5: FLAGGED | N5: JA
A6: REISE-2026-005 | B6: Lars Lie | C6: 2026-01-22 | D6: Deltakelse forskningsseminar Trondheim | E6: 3200 | F6: Frokost, Lunsj, Middag | G6: NEI | H6: 0 | I6: JA | J6: EMP-108 | K6: EMP-109 | L6: BRUDD_MALTID: Måltid var dekket (Frokost, Lunsj, Middag), men måltidsfradrag er ikke trukket fra diett. | M6: FLAGGED | N6: JA
A7: REISE-2026-006 | B7: Eva Sunde | C7: 2026-01-25 | D7: Kort møte Arendal | E7: 450 | F7: Ingen | G7: JA | H7: 65 | I7: JA | J7: EMP-110 | K7: EMP-111 | L7: BRUDD_KM_RUTE: Kilometergodtgjørelse krever spesifisert rutebeskrivelse. | M7: FLAGGED | N7: JA
A8: REISE-2026-007 | B8: Kjetil Dahl | C8: 2026-01-28 | D8: Taxi til flyplass Kjevik | E8: 620 | F8: Ingen | G8: JA | H8: 0 | I8: NEI | J8: EMP-112 | K8: EMP-113 | L8: BRUDD_KVITTERING: Beløp over 100 NOK mangler vedlagt originalkvittering. | M8: FLAGGED | N8: JA
A9: REISE-2026-008 | B9: Guri Moe | C9: 2026-02-02 | D9: AACSB Akkrediteringsmøte | E9: 8900 | F9: Lunsj | G9: JA | H9: 0 | I9: JA | J9: EMP-114 | K9: EMP-115 | L9: OK | M9: APPROVED | N9: NEI
A10: REISE-2026-009 | B10: Svein Bakke | C10: 2026-02-05 | D10: Bedriftsbesøk Kristiansand | E10: 310 | F10: Ingen | G10: JA | H10: 0 | I10: JA | J10: EMP-116 | K10: EMP-117 | L10: OK | M10: APPROVED | N10: NEI
A11: REISE-2026-010 | B11: Monika Vik | C11: 2026-02-08 | D11: Gjesteforelesning UiO | E11: 2750 | F11: Lunsj, Middag | G11: JA | H11: 0 | I11: JA | J11: EMP-118 | K11: EMP-119 | L11: OK | M11: APPROVED | N11: NEI
A12: REISE-2026-011 | B12: Tor Haug | C12: 2026-02-11 | D12: Middagsrepresentasjon eksterne partnere | E12: 1850 | F12: Middag | G12: JA | H12: 0 | I12: NEI | J12: EMP-120 | K12: EMP-121 | L12: BRUDD_KVITTERING: Beløp over 100 NOK mangler vedlagt originalkvittering. | M12: FLAGGED | N12: JA
A13: REISE-2026-012 | B13: Ingrid Solberg | C13: 2026-02-14 | D13: Styremøte NFR Oslo | E13: 3900 | F13: Frokost | G13: JA | H13: 0 | I13: JA | J13: EMP-122 | K13: EMP-123 | L13: OK | M13: APPROVED | N13: NEI
... A16: REISE-2026-015 | B16: Morten Hagen | C16: 2026-02-25 | D16: Utlegg parkering Gardermoen | E16: 850 | F16: Ingen | G16: JA | H16: 0 | I16: JA | J16: EMP-127 | K16: EMP-128 | L16: OK | M16: APPROVED | N16: NEI

Sheet Fact_Project_BOA
A1: Prosjekt | B1: Prosjektnavn | C1: Finansieringstype | D1: Finansieringskilde | E1: Kontraktsbelop | F1: Budsjett | G1: Frikjop | H1: DirekteDrift | I1: Overhead | J1: Leiested | K1: PåløptKostnad | L1: Inntektsført | M1: Dekningsgrad | N1: %TidGått | O1: %BudsjettForbrukt | P1: Forbruksavvik | Q1: RAG_Status | R1: StatusMerknad
A2: NFR001 | B2: NFR-AI: Kunstig intelligens i styring | C2: Bidrag | D2: NFR | E2: 12000000 | F2: 4000000 | G2: 1800000 | H2: 1100000 | I2: 880000 | J2: 220000 | K2: 1680000 | L2: 1680000 | M2: 0.22 | N2: 0.65 | O2: 0.42 | P2: -0.23 | Q2: GUL: Betydelig fremdriftsforsinkelse | R2: Forsinket stipendiatrekruttering og lav fremdrift. Tiltak T003 iverksatt.
A3: NFR002 | B3: NFR-Helse: Pasientsikkerhet i helsefag | C3: Bidrag | D3: NFR | E3: 8500000 | F3: 2800000 | G3: 1300000 | H3: 800000 | I3: 616000 | J3: 84000 | K3: 1450000 | L3: 1450000 | M3: 0.22 | N3: 0.52 | O3: 0.518 | P3: -0.002 | Q3: GRØNN: I rute | R3: I rute iht. prosjektplan og milepæler.
A4: EU001 | B4: EU Horizon: Green Maritime Tech | C4: Bidrag | D4: EU | E4: 18500000 | F4: 6200000 | G4: 2800000 | H4: 1800000 | I4: 1364000 | J4: 236000 | K4: 3100000 | L4: 3100000 | M4: 0.22 | N4: 0.5 | O4: 0.5 | P4: 0 | Q4: GRØNN: I rute | R4: Green Maritime Tech i rute for Horizon Europe.
A5: EU002 | B5: EU Horizon: Digital Governance | C5: Bidrag | D5: EU | E5: 14000000 | F5: 4500000 | G5: 2100000 | H5: 1200000 | I5: 990000 | J5: 210000 | K5: 2150000 | L5: 2150000 | M5: 0.22 | N5: 0.48 | O5: 0.478 | P5: -0.002 | Q5: GRØNN: I rute | R5: Digital Governance i rute for Horizon Europe.
A6: EVU001 | B6: EVU Videreutdanning for kommuner | C6: Oppdrag | D6: Ekstern | E6: 3500000 | F6: 1200000 | G6: 450000 | H6: 450000 | I6: 300000 | J6: 0 | K6: 864000 | L6: 600000 | M6: 0.25 | N6: 0.5 | O6: 0.72 | P6: 0.22 | Q6: RØD: Betydelig merforbruk | R6: Konsulentmerforbruk og tapsrisiko (SRS 9). Tapsavsetning konto 7790/2800. Tiltak T004.
A7: OPPDRAG01 | B7: Oppdragsforskning Batteriteknologi | C7: Oppdrag | D7: Næringsliv | E7: 5000000 | F7: 1800000 | G7: 750000 | H7: 550000 | I7: 450000 | J7: 50000 | K7: 890000 | L7: 890000 | M7: 0.25 | N7: 0.5 | O7: 0.494 | P7: -0.006 | Q7: GRØNN: I rute | R7: Batteriteknologi oppdrag i henhold til leveranseplan.

Sheet Dim_Kontoplan_2026
A1: Konto | B1: StandardKonto3 | C1: Kontonavn | D1: Kontoklasse | E1: Kontogruppe | F1: Kontotype | G1: SRS_regnskapslinje | H1: AktuellFor
A2: 1250 | B2: 125 | C2: IKT-utstyr og maskiner (>50k) | D2: 1 | E2: 12 | F2: Eiendeler | G2: Varige driftsmidler | H2: SRS/Alle
A3: 2050 | B3: 205 | C3: Statens finansiering av anleggsmidler | D3: 2 | E3: 20 | F3: Gjeld/Kapital | G3: Statens kapital | H3: SRS/Alle
A4: 2080 | B4: 208 | C4: Avsetning ubenyttet rammebevilgning (F-05-20) | D4: 2 | E4: 20 | F4: Gjeld/Kapital | G4: Avsetninger | H4: SRS/Alle
A5: 2180 | B5: 218 | C5: Mottatt forskuddsbetaling bidrag (SRS 10) | D5: 2 | E5: 21 | F5: Kortsiktig gjeld | G5: Kortsiktig gjeld | H5: SRS/Alle
A6: 2800 | B6: 280 | C6: Avsetning for forventet tap på oppdrag (SRS 9) | D6: 2 | E6: 28 | F6: Kortsiktig gjeld | G6: Avsetning for forpliktelser | H6: SRS/Alle
A7: 3030 | B7: 303 | C7: Salgsinntekt tjenester, avgiftspliktig | D7: 3 | E7: 30 | F7: Inntekt | G7: Salgsinntekt | H7: SRS/Alle
A8: 3130 | B8: 313 | C8: Salgsinntekt tjenester, avgiftsfri | D8: 3 | E8: 31 | F8: Inntekt | G8: Salgsinntekt | H8: SRS/Alle
A9: 3400 | B9: 340 | C9: Tilskudd fra Norges forskningsråd (SRS 10) | D9: 3 | E9: 34 | F9: Inntekt | G9: Tilskudd og overføringer | H9: SRS/Alle
A10: 3410 | B10: 341 | C10: Tilskudd fra andre statlige virksomheter | D10: 3 | E10: 34 | F10: Inntekt | G10: Tilskudd og overføringer | H10: SRS/Alle
A11: 3420 | B11: 342 | C11: Tilskudd fra EU Horisont Europa (SRS 10) | D11: 3 | E11: 34 | F11: Inntekt | G11: Tilskudd og overføringer | H11: SRS/Alle
A12: 3450 | B12: 345 | C12: Oppdragsinntekt fra næringsliv (SRS 9) | D12: 3 | E12: 34 | F12: Inntekt | G12: Tilskudd og overføringer | H12: SRS/Alle
A13: 3900 | B13: 390 | C13: Inntekt fra statlig rammebevilgning (Kap 260) | D13: 3 | E13: 39 | F13: Inntekt | G13: Inntekt fra bevilgninger | H13: SRS/Alle
... A30: 7790 | B30: 779 | C30: Avsetning for tap på oppdragskontrakter (SRS 9) | D30: 7 | E30: 77 | F30: Kostnad | G30: Andre driftskostnader | H30: SRS/Alle
